{
    "B1953+29_430_ASP_efac": 1.27106,
    "B1953+29_430_ASP_log10_ecorr": -6.40406,
    "B1953+29_430_ASP_log10_equad": -5.71787,
    "B1953+29_430_PUPPI_efac": 1.28185,
    "B1953+29_430_PUPPI_log10_ecorr": -4.9832,
    "B1953+29_430_PUPPI_log10_equad": -5.89011,
    "B1953+29_L-wide_ASP_efac": 1.33649,
    "B1953+29_L-wide_ASP_log10_ecorr": -7.81752,
    "B1953+29_L-wide_ASP_log10_equad": -9.03672,
    "B1953+29_L-wide_PUPPI_efac": 1.11452,
    "B1953+29_L-wide_PUPPI_log10_ecorr": -8.43518,
    "B1953+29_L-wide_PUPPI_log10_equad": -8.55832,
    "B1953+29_gamma": 2.10195,
    "B1953+29_log10_A": -14.04
}