{
    "J0030+0451_430_ASP_efac": 1.2028,
    "J0030+0451_430_ASP_log10_ecorr": -8.24937,
    "J0030+0451_430_ASP_log10_equad": -7.08138,
    "J0030+0451_430_PUPPI_efac": 1.10376,
    "J0030+0451_430_PUPPI_log10_ecorr": -6.72474,
    "J0030+0451_430_PUPPI_log10_equad": -6.46969,
    "J0030+0451_L-wide_ASP_efac": 1.157,
    "J0030+0451_L-wide_ASP_log10_ecorr": -8.32876,
    "J0030+0451_L-wide_ASP_log10_equad": -8.42686,
    "J0030+0451_L-wide_PUPPI_efac": 1.1193,
    "J0030+0451_L-wide_PUPPI_log10_ecorr": -8.31331,
    "J0030+0451_L-wide_PUPPI_log10_equad": -8.98169,
    "J0030+0451_gamma": 4.15366,
    "J0030+0451_log10_A": -14.0649
}