{
    "J1453+1902_430_PUPPI_efac": 1.03361,
    "J1453+1902_430_PUPPI_log10_ecorr": -5.5724,
    "J1453+1902_430_PUPPI_log10_equad": -5.71779,
    "J1453+1902_L-wide_PUPPI_efac": 1.21068,
    "J1453+1902_L-wide_PUPPI_log10_ecorr": -7.33091,
    "J1453+1902_L-wide_PUPPI_log10_equad": -9.34724,
    "J1453+1902_gamma": 3.85092,
    "J1453+1902_log10_A": -18.4339
}