{
    "J1455-3330_Rcvr1_2_GASP_efac": 1.1122,
    "J1455-3330_Rcvr1_2_GASP_log10_ecorr": -5.84191,
    "J1455-3330_Rcvr1_2_GASP_log10_equad": -7.80455,
    "J1455-3330_Rcvr1_2_GUPPI_efac": 1.16712,
    "J1455-3330_Rcvr1_2_GUPPI_log10_ecorr": -7.82292,
    "J1455-3330_Rcvr1_2_GUPPI_log10_equad": -9.96214,
    "J1455-3330_Rcvr_800_GASP_efac": 1.31005,
    "J1455-3330_Rcvr_800_GASP_log10_ecorr": -6.26662,
    "J1455-3330_Rcvr_800_GASP_log10_equad": -6.20776,
    "J1455-3330_Rcvr_800_GUPPI_efac": 1.25397,
    "J1455-3330_Rcvr_800_GUPPI_log10_ecorr": -7.10831,
    "J1455-3330_Rcvr_800_GUPPI_log10_equad": -7.60771,
    "J1455-3330_gamma": 0.652535,
    "J1455-3330_log10_A": -15.5172
}