{
    "J1640+2224_430_ASP_efac": 1.14146,
    "J1640+2224_430_ASP_log10_ecorr": -7.90954,
    "J1640+2224_430_ASP_log10_equad": -6.23075,
    "J1640+2224_430_PUPPI_efac": 1.0859,
    "J1640+2224_430_PUPPI_log10_ecorr": -6.11531,
    "J1640+2224_430_PUPPI_log10_equad": -6.91838,
    "J1640+2224_L-wide_ASP_efac": 1.06916,
    "J1640+2224_L-wide_ASP_log10_ecorr": -6.29452,
    "J1640+2224_L-wide_ASP_log10_equad": -9.14815,
    "J1640+2224_L-wide_PUPPI_efac": 1.22556,
    "J1640+2224_L-wide_PUPPI_log10_ecorr": -6.25307,
    "J1640+2224_L-wide_PUPPI_log10_equad": -9.81479,
    "J1640+2224_gamma": 0.0897159,
    "J1640+2224_log10_A": -15.51
}