{
    "J1713+0747_L-wide_ASP_efac": 1.02291,
    "J1713+0747_L-wide_ASP_log10_ecorr": -6.94671,
    "J1713+0747_L-wide_ASP_log10_equad": -7.54974,
    "J1713+0747_L-wide_PUPPI_efac": 1.08988,
    "J1713+0747_L-wide_PUPPI_log10_ecorr": -7.05341,
    "J1713+0747_L-wide_PUPPI_log10_equad": -7.89392,
    "J1713+0747_Rcvr1_2_GASP_efac": 1.08451,
    "J1713+0747_Rcvr1_2_GASP_log10_ecorr": -7.08042,
    "J1713+0747_Rcvr1_2_GASP_log10_equad": -7.268,
    "J1713+0747_Rcvr1_2_GUPPI_efac": 1.04,
    "J1713+0747_Rcvr1_2_GUPPI_log10_ecorr": -7.10529,
    "J1713+0747_Rcvr1_2_GUPPI_log10_equad": -8.06696,
    "J1713+0747_Rcvr_800_GASP_efac": 1.14264,
    "J1713+0747_Rcvr_800_GASP_log10_ecorr": -8.09849,
    "J1713+0747_Rcvr_800_GASP_log10_equad": -6.94555,
    "J1713+0747_Rcvr_800_GUPPI_efac": 1.06397,
    "J1713+0747_Rcvr_800_GUPPI_log10_ecorr": -6.6075,
    "J1713+0747_Rcvr_800_GUPPI_log10_equad": -7.14229,
    "J1713+0747_S-wide_ASP_efac": 1.11373,
    "J1713+0747_S-wide_ASP_log10_ecorr": -6.96378,
    "J1713+0747_S-wide_ASP_log10_equad": -7.91342,
    "J1713+0747_S-wide_PUPPI_efac": 1.1139,
    "J1713+0747_S-wide_PUPPI_log10_ecorr": -7.03281,
    "J1713+0747_S-wide_PUPPI_log10_equad": -7.66533,
    "J1713+0747_gamma": 3.06793,
    "J1713+0747_log10_A": -14.3746
}