{
    "J1738+0333_L-wide_ASP_efac": 1.15214,
    "J1738+0333_L-wide_ASP_log10_ecorr": -6.31219,
    "J1738+0333_L-wide_ASP_log10_equad": -9.55797,
    "J1738+0333_L-wide_PUPPI_efac": 1.13096,
    "J1738+0333_L-wide_PUPPI_log10_ecorr": -6.86369,
    "J1738+0333_L-wide_PUPPI_log10_equad": -9.41256,
    "J1738+0333_S-wide_ASP_efac": 0.937918,
    "J1738+0333_S-wide_ASP_log10_ecorr": -8.47075,
    "J1738+0333_S-wide_ASP_log10_equad": -9.40313,
    "J1738+0333_S-wide_PUPPI_efac": 0.921958,
    "J1738+0333_S-wide_PUPPI_log10_ecorr": -7.36844,
    "J1738+0333_S-wide_PUPPI_log10_equad": -9.96292,
    "J1738+0333_gamma": 0.425374,
    "J1738+0333_log10_A": -16.6489
}