{
    "J1747-4036_Rcvr1_2_GUPPI_efac": 1.12856,
    "J1747-4036_Rcvr1_2_GUPPI_log10_ecorr": -5.8355,
    "J1747-4036_Rcvr1_2_GUPPI_log10_equad": -8.53636,
    "J1747-4036_Rcvr_800_GUPPI_efac": 1.13385,
    "J1747-4036_Rcvr_800_GUPPI_log10_ecorr": -5.34477,
    "J1747-4036_Rcvr_800_GUPPI_log10_equad": -5.95545,
    "J1747-4036_gamma": 1.40842,
    "J1747-4036_log10_A": -12.2165
}