{
    "J1744-1134_Rcvr1_2_GASP_efac": 0.991863,
    "J1744-1134_Rcvr1_2_GASP_log10_ecorr": -6.18099,
    "J1744-1134_Rcvr1_2_GASP_log10_equad": -6.38679,
    "J1744-1134_Rcvr1_2_GUPPI_efac": 1.07987,
    "J1744-1134_Rcvr1_2_GUPPI_log10_ecorr": -6.36572,
    "J1744-1134_Rcvr1_2_GUPPI_log10_equad": -6.68338,
    "J1744-1134_Rcvr_800_GASP_efac": 1.16777,
    "J1744-1134_Rcvr_800_GASP_log10_ecorr": -6.60812,
    "J1744-1134_Rcvr_800_GASP_log10_equad": -6.46591,
    "J1744-1134_Rcvr_800_GUPPI_efac": 1.0725,
    "J1744-1134_Rcvr_800_GUPPI_log10_ecorr": -6.42127,
    "J1744-1134_Rcvr_800_GUPPI_log10_equad": -6.60308,
    "J1744-1134_gamma": 2.59318,
    "J1744-1134_log10_A": -13.4161
}