{
    "J1903+0327_L-wide_ASP_efac": 1.16946,
    "J1903+0327_L-wide_ASP_log10_ecorr": -6.86782,
    "J1903+0327_L-wide_ASP_log10_equad": -9.92737,
    "J1903+0327_L-wide_PUPPI_efac": 1.1527,
    "J1903+0327_L-wide_PUPPI_log10_ecorr": -5.62694,
    "J1903+0327_L-wide_PUPPI_log10_equad": -7.85999,
    "J1903+0327_S-wide_ASP_efac": 0.890096,
    "J1903+0327_S-wide_ASP_log10_ecorr": -8.4599,
    "J1903+0327_S-wide_ASP_log10_equad": -5.79812,
    "J1903+0327_S-wide_PUPPI_efac": 1.09067,
    "J1903+0327_S-wide_PUPPI_log10_ecorr": -6.27447,
    "J1903+0327_S-wide_PUPPI_log10_equad": -7.67113,
    "J1903+0327_gamma": 2.16108,
    "J1903+0327_log10_A": -12.2461
}