{
    "J1911+1347_430_PUPPI_efac": 0.966442,
    "J1911+1347_430_PUPPI_log10_ecorr": -5.69223,
    "J1911+1347_430_PUPPI_log10_equad": -6.78162,
    "J1911+1347_L-wide_PUPPI_efac": 1.00828,
    "J1911+1347_L-wide_PUPPI_log10_ecorr": -7.00961,
    "J1911+1347_L-wide_PUPPI_log10_equad": -8.5608,
    "J1911+1347_gamma": 2.67085,
    "J1911+1347_log10_A": -15.1105
}