{
    "J1944+0907_430_ASP_efac": 1.14587,
    "J1944+0907_430_ASP_log10_ecorr": -8.46084,
    "J1944+0907_430_ASP_log10_equad": -7.9129,
    "J1944+0907_430_PUPPI_efac": 1.12546,
    "J1944+0907_430_PUPPI_log10_ecorr": -6.05476,
    "J1944+0907_430_PUPPI_log10_equad": -8.52354,
    "J1944+0907_L-wide_ASP_efac": 1.59293,
    "J1944+0907_L-wide_ASP_log10_ecorr": -6.24173,
    "J1944+0907_L-wide_ASP_log10_equad": -6.87279,
    "J1944+0907_L-wide_PUPPI_efac": 1.24932,
    "J1944+0907_L-wide_PUPPI_log10_ecorr": -6.57181,
    "J1944+0907_L-wide_PUPPI_log10_equad": -8.87293,
    "J1944+0907_gamma": 1.63364,
    "J1944+0907_log10_A": -13.294
}