{
    "J2017+0603_430_PUPPI_efac": 1.03697,
    "J2017+0603_430_PUPPI_log10_ecorr": -6.95719,
    "J2017+0603_430_PUPPI_log10_equad": -8.91749,
    "J2017+0603_L-wide_PUPPI_efac": 1.17269,
    "J2017+0603_L-wide_PUPPI_log10_ecorr": -8.48093,
    "J2017+0603_L-wide_PUPPI_log10_equad": -9.31549,
    "J2017+0603_S-wide_PUPPI_efac": 1.11795,
    "J2017+0603_S-wide_PUPPI_log10_ecorr": -7.83479,
    "J2017+0603_S-wide_PUPPI_log10_equad": -9.96457,
    "J2017+0603_gamma": 2.03383,
    "J2017+0603_log10_A": -19.9282
}