{
    "J2033+1734_430_PUPPI_efac": 1.75767,
    "J2033+1734_430_PUPPI_log10_ecorr": -5.86727,
    "J2033+1734_430_PUPPI_log10_equad": -5.73447,
    "J2033+1734_L-wide_PUPPI_efac": 1.1425,
    "J2033+1734_L-wide_PUPPI_log10_ecorr": -6.21153,
    "J2033+1734_L-wide_PUPPI_log10_equad": -5.83946,
    "J2033+1734_gamma": 3.66811,
    "J2033+1734_log10_A": -18.2623
}