{
    "J2214+3000_L-wide_ASP_efac": 0.696749,
    "J2214+3000_L-wide_ASP_log10_ecorr": -6.27487,
    "J2214+3000_L-wide_ASP_log10_equad": -9.9299,
    "J2214+3000_L-wide_PUPPI_efac": 1.21438,
    "J2214+3000_L-wide_PUPPI_log10_ecorr": -6.97158,
    "J2214+3000_L-wide_PUPPI_log10_equad": -7.13478,
    "J2214+3000_S-wide_ASP_efac": 0.932012,
    "J2214+3000_S-wide_ASP_log10_ecorr": -8.31935,
    "J2214+3000_S-wide_ASP_log10_equad": -5.07243,
    "J2214+3000_S-wide_PUPPI_efac": 1.12487,
    "J2214+3000_S-wide_PUPPI_log10_ecorr": -5.67701,
    "J2214+3000_S-wide_PUPPI_log10_equad": -6.17855,
    "J2214+3000_gamma": 0.094536,
    "J2214+3000_log10_A": -12.4568
}