{
    "J2229+2643_430_PUPPI_efac": 1.2301,
    "J2229+2643_430_PUPPI_log10_ecorr": -7.50664,
    "J2229+2643_430_PUPPI_log10_equad": -5.83056,
    "J2229+2643_L-wide_PUPPI_efac": 1.22475,
    "J2229+2643_L-wide_PUPPI_log10_ecorr": -8.28263,
    "J2229+2643_L-wide_PUPPI_log10_equad": -6.45578,
    "J2229+2643_gamma": 3.40212,
    "J2229+2643_log10_A": -19.4206
}