{
    "J2234+0944_430_PUPPI_efac": 0.941435,
    "J2234+0944_430_PUPPI_log10_ecorr": -7.20286,
    "J2234+0944_430_PUPPI_log10_equad": -5.6974,
    "J2234+0944_L-wide_PUPPI_efac": 1.26465,
    "J2234+0944_L-wide_PUPPI_log10_ecorr": -7.2189,
    "J2234+0944_L-wide_PUPPI_log10_equad": -9.12188,
    "J2234+0944_S-wide_PUPPI_efac": 1.20706,
    "J2234+0944_S-wide_PUPPI_log10_ecorr": -6.36233,
    "J2234+0944_S-wide_PUPPI_log10_equad": -6.0674,
    "J2234+0944_gamma": 2.32868,
    "J2234+0944_log10_A": -12.6239
}