{
    "J2234+0611_430_PUPPI_efac": 1.0201,
    "J2234+0611_430_PUPPI_log10_ecorr": -8.1348,
    "J2234+0611_430_PUPPI_log10_equad": -6.32977,
    "J2234+0611_L-wide_PUPPI_efac": 1.04964,
    "J2234+0611_L-wide_PUPPI_log10_ecorr": -8.29674,
    "J2234+0611_L-wide_PUPPI_log10_equad": -8.06789,
    "J2234+0611_gamma": 4.84805,
    "J2234+0611_log10_A": -19.7045
}