{
    "B1855+09_430_ASP_efac": 1.15373,
    "B1855+09_430_ASP_log10_ecorr": -7.31698,
    "B1855+09_430_ASP_log10_equad": -8.87356,
    "B1855+09_430_PUPPI_efac": 1.12092,
    "B1855+09_430_PUPPI_log10_ecorr": -6.31615,
    "B1855+09_430_PUPPI_log10_equad": -6.17217,
    "B1855+09_L-wide_ASP_efac": 1.08632,
    "B1855+09_L-wide_ASP_log10_ecorr": -6.09398,
    "B1855+09_L-wide_ASP_log10_equad": -6.50338,
    "B1855+09_L-wide_PUPPI_efac": 1.37768,
    "B1855+09_L-wide_PUPPI_log10_ecorr": -6.43511,
    "B1855+09_L-wide_PUPPI_log10_equad": -6.53848,
    "B1855+09_gamma": 3.6081,
    "B1855+09_log10_A": -13.7707
}