{
    "B1937+21_L-wide_ASP_efac": 2.16858,
    "B1937+21_L-wide_ASP_log10_ecorr": -6.74268,
    "B1937+21_L-wide_ASP_log10_equad": -6.78159,
    "B1937+21_L-wide_PUPPI_efac": 2.50409,
    "B1937+21_L-wide_PUPPI_log10_ecorr": -6.90359,
    "B1937+21_L-wide_PUPPI_log10_equad": -7.19268,
    "B1937+21_Rcvr1_2_GASP_efac": 1.19848,
    "B1937+21_Rcvr1_2_GASP_log10_ecorr": -7.01081,
    "B1937+21_Rcvr1_2_GASP_log10_equad": -7.09868,
    "B1937+21_Rcvr1_2_GUPPI_efac": 1.52287,
    "B1937+21_Rcvr1_2_GUPPI_log10_ecorr": -6.65849,
    "B1937+21_Rcvr1_2_GUPPI_log10_equad": -7.08918,
    "B1937+21_Rcvr_800_GASP_efac": 2.36834,
    "B1937+21_Rcvr_800_GASP_log10_ecorr": -8.44582,
    "B1937+21_Rcvr_800_GASP_log10_equad": -6.67489,
    "B1937+21_Rcvr_800_GUPPI_efac": 4.54677,
    "B1937+21_Rcvr_800_GUPPI_log10_ecorr": -6.461,
    "B1937+21_Rcvr_800_GUPPI_log10_equad": -6.63324,
    "B1937+21_S-wide_ASP_efac": 1.42143,
    "B1937+21_S-wide_ASP_log10_ecorr": -6.60026,
    "B1937+21_S-wide_ASP_log10_equad": -6.63809,
    "B1937+21_S-wide_PUPPI_efac": 4.46457,
    "B1937+21_S-wide_PUPPI_log10_ecorr": -6.39305,
    "B1937+21_S-wide_PUPPI_log10_equad": -7.13706,
    "B1937+21_gamma": 2.46521,
    "B1937+21_log10_A": -13.2393
}