{
    "J0023+0923_430_ASP_efac": 1.046,
    "J0023+0923_430_ASP_log10_ecorr": -6.81232,
    "J0023+0923_430_ASP_log10_equad": -9.96299,
    "J0023+0923_430_PUPPI_efac": 1.04089,
    "J0023+0923_430_PUPPI_log10_ecorr": -6.92419,
    "J0023+0923_430_PUPPI_log10_equad": -6.91689,
    "J0023+0923_L-wide_ASP_efac": 1.15689,
    "J0023+0923_L-wide_ASP_log10_ecorr": -6.75526,
    "J0023+0923_L-wide_ASP_log10_equad": -5.90181,
    "J0023+0923_L-wide_PUPPI_efac": 1.16122,
    "J0023+0923_L-wide_PUPPI_log10_ecorr": -8.03793,
    "J0023+0923_L-wide_PUPPI_log10_equad": -6.71605,
    "J0023+0923_gamma": 0.0896611,
    "J0023+0923_log10_A": -13.1929
}