{
    "J0340+4130_Rcvr1_2_GUPPI_efac": 1.07493,
    "J0340+4130_Rcvr1_2_GUPPI_log10_ecorr": -8.34005,
    "J0340+4130_Rcvr1_2_GUPPI_log10_equad": -8.88841,
    "J0340+4130_Rcvr_800_GUPPI_efac": 1.10426,
    "J0340+4130_Rcvr_800_GUPPI_log10_ecorr": -8.45467,
    "J0340+4130_Rcvr_800_GUPPI_log10_equad": -9.80639,
    "J0340+4130_gamma": 1.02075,
    "J0340+4130_log10_A": -19.9246
}