{
    "J0636+5128_Rcvr1_2_GUPPI_efac": 1.08341,
    "J0636+5128_Rcvr1_2_GUPPI_log10_ecorr": -7.95433,
    "J0636+5128_Rcvr1_2_GUPPI_log10_equad": -8.96338,
    "J0636+5128_Rcvr_800_GUPPI_efac": 1.02515,
    "J0636+5128_Rcvr_800_GUPPI_log10_ecorr": -6.7583,
    "J0636+5128_Rcvr_800_GUPPI_log10_equad": -6.36648,
    "J0636+5128_gamma": 2.88371,
    "J0636+5128_log10_A": -12.5048
}