{
    "J0645+5158_Rcvr1_2_GUPPI_efac": 1.07385,
    "J0645+5158_Rcvr1_2_GUPPI_log10_ecorr": -7.96965,
    "J0645+5158_Rcvr1_2_GUPPI_log10_equad": -9.25123,
    "J0645+5158_Rcvr_800_GUPPI_efac": 1.00726,
    "J0645+5158_Rcvr_800_GUPPI_log10_ecorr": -7.14431,
    "J0645+5158_Rcvr_800_GUPPI_log10_equad": -7.07841,
    "J0645+5158_gamma": 1.3224,
    "J0645+5158_log10_A": -19.9287
}