{
    "J0740+6620_Rcvr1_2_GUPPI_efac": 1.09748,
    "J0740+6620_Rcvr1_2_GUPPI_log10_ecorr": -6.68814,
    "J0740+6620_Rcvr1_2_GUPPI_log10_equad": -8.90505,
    "J0740+6620_Rcvr_800_GUPPI_efac": 1.05453,
    "J0740+6620_Rcvr_800_GUPPI_log10_ecorr": -5.98367,
    "J0740+6620_Rcvr_800_GUPPI_log10_equad": -8.04917,
    "J0740+6620_gamma": 0.40418,
    "J0740+6620_log10_A": -19.0545
}