{
    "J0931-1902_Rcvr1_2_GUPPI_efac": 1.08624,
    "J0931-1902_Rcvr1_2_GUPPI_log10_ecorr": -7.41861,
    "J0931-1902_Rcvr1_2_GUPPI_log10_equad": -7.31506,
    "J0931-1902_Rcvr_800_GUPPI_efac": 1.10371,
    "J0931-1902_Rcvr_800_GUPPI_log10_ecorr": -7.64367,
    "J0931-1902_Rcvr_800_GUPPI_log10_equad": -9.93216,
    "J0931-1902_gamma": 2.9733,
    "J0931-1902_log10_A": -18.5362
}