{
    "J1024-0719_Rcvr1_2_GASP_efac": 0.922515,
    "J1024-0719_Rcvr1_2_GASP_log10_ecorr": -8.13578,
    "J1024-0719_Rcvr1_2_GASP_log10_equad": -5.60204,
    "J1024-0719_Rcvr1_2_GUPPI_efac": 1.07556,
    "J1024-0719_Rcvr1_2_GUPPI_log10_ecorr": -6.51328,
    "J1024-0719_Rcvr1_2_GUPPI_log10_equad": -9.8237,
    "J1024-0719_Rcvr_800_GASP_efac": 0.991772,
    "J1024-0719_Rcvr_800_GASP_log10_ecorr": -7.03833,
    "J1024-0719_Rcvr_800_GASP_log10_equad": -9.94809,
    "J1024-0719_Rcvr_800_GUPPI_efac": 1.11121,
    "J1024-0719_Rcvr_800_GUPPI_log10_ecorr": -6.79832,
    "J1024-0719_Rcvr_800_GUPPI_log10_equad": -7.86448,
    "J1024-0719_gamma": 1.74096,
    "J1024-0719_log10_A": -13.8692
}