{
    "J1125+7819_Rcvr1_2_GUPPI_efac": 1.26675,
    "J1125+7819_Rcvr1_2_GUPPI_log10_ecorr": -8.38807,
    "J1125+7819_Rcvr1_2_GUPPI_log10_equad": -6.31944,
    "J1125+7819_Rcvr_800_GUPPI_efac": 1.20723,
    "J1125+7819_Rcvr_800_GUPPI_log10_ecorr": -4.81339,
    "J1125+7819_Rcvr_800_GUPPI_log10_equad": -5.93002,
    "J1125+7819_gamma": 2.17052,
    "J1125+7819_log10_A": -11.5734
}