{
    "J1600-3053_Rcvr1_2_GASP_efac": 1.15883,
    "J1600-3053_Rcvr1_2_GASP_log10_ecorr": -6.69918,
    "J1600-3053_Rcvr1_2_GASP_log10_equad": -6.31428,
    "J1600-3053_Rcvr1_2_GUPPI_efac": 1.06195,
    "J1600-3053_Rcvr1_2_GUPPI_log10_ecorr": -6.8245,
    "J1600-3053_Rcvr1_2_GUPPI_log10_equad": -8.45797,
    "J1600-3053_Rcvr_800_GASP_efac": 1.183,
    "J1600-3053_Rcvr_800_GASP_log10_ecorr": -7.37131,
    "J1600-3053_Rcvr_800_GASP_log10_equad": -7.8382,
    "J1600-3053_Rcvr_800_GUPPI_efac": 1.11825,
    "J1600-3053_Rcvr_800_GUPPI_log10_ecorr": -6.18915,
    "J1600-3053_Rcvr_800_GUPPI_log10_equad": -6.43306,
    "J1600-3053_gamma": 0.0896087,
    "J1600-3053_log10_A": -13.4548
}