{
    "J1741+1351_430_ASP_efac": 0.933686,
    "J1741+1351_430_ASP_log10_ecorr": -5.47059,
    "J1741+1351_430_ASP_log10_equad": -6.39579,
    "J1741+1351_430_PUPPI_efac": 1.05057,
    "J1741+1351_430_PUPPI_log10_ecorr": -8.38478,
    "J1741+1351_430_PUPPI_log10_equad": -6.57954,
    "J1741+1351_L-wide_ASP_efac": 1.03822,
    "J1741+1351_L-wide_ASP_log10_ecorr": -6.93261,
    "J1741+1351_L-wide_ASP_log10_equad": -7.16934,
    "J1741+1351_L-wide_PUPPI_efac": 1.04646,
    "J1741+1351_L-wide_PUPPI_log10_ecorr": -6.99727,
    "J1741+1351_L-wide_PUPPI_log10_equad": -7.19625,
    "J1741+1351_S-wide_ASP_efac": 0.668539,
    "J1741+1351_S-wide_ASP_log10_ecorr": -7.97708,
    "J1741+1351_S-wide_ASP_log10_equad": -8.61321,
    "J1741+1351_gamma": 1.32631,
    "J1741+1351_log10_A": -13.7208
}