{
    "J1832-0836_Rcvr1_2_GUPPI_efac": 1.02529,
    "J1832-0836_Rcvr1_2_GUPPI_log10_ecorr": -8.3442,
    "J1832-0836_Rcvr1_2_GUPPI_log10_equad": -8.86138,
    "J1832-0836_Rcvr_800_GUPPI_efac": 1.04031,
    "J1832-0836_Rcvr_800_GUPPI_log10_ecorr": -7.66584,
    "J1832-0836_Rcvr_800_GUPPI_log10_equad": -5.88972,
    "J1832-0836_gamma": 2.88208,
    "J1832-0836_log10_A": -13.6922
}