{
    "J1853+1303_430_ASP_efac": 1.09409,
    "J1853+1303_430_ASP_log10_ecorr": -6.16188,
    "J1853+1303_430_ASP_log10_equad": -7.15728,
    "J1853+1303_430_PUPPI_efac": 1.01337,
    "J1853+1303_430_PUPPI_log10_ecorr": -5.9809,
    "J1853+1303_430_PUPPI_log10_equad": -6.56304,
    "J1853+1303_L-wide_ASP_efac": 1.05682,
    "J1853+1303_L-wide_ASP_log10_ecorr": -6.06698,
    "J1853+1303_L-wide_ASP_log10_equad": -7.2603,
    "J1853+1303_L-wide_PUPPI_efac": 1.15869,
    "J1853+1303_L-wide_PUPPI_log10_ecorr": -6.76746,
    "J1853+1303_L-wide_PUPPI_log10_equad": -8.27277,
    "J1853+1303_gamma": 1.07961,
    "J1853+1303_log10_A": -13.4497
}