{
    "J1909-3744_Rcvr1_2_GASP_efac": 0.970672,
    "J1909-3744_Rcvr1_2_GASP_log10_ecorr": -8.39677,
    "J1909-3744_Rcvr1_2_GASP_log10_equad": -7.4129,
    "J1909-3744_Rcvr1_2_GUPPI_efac": 1.05058,
    "J1909-3744_Rcvr1_2_GUPPI_log10_ecorr": -7.11967,
    "J1909-3744_Rcvr1_2_GUPPI_log10_equad": -8.08194,
    "J1909-3744_Rcvr_800_GASP_efac": 0.983366,
    "J1909-3744_Rcvr_800_GASP_log10_ecorr": -8.48249,
    "J1909-3744_Rcvr_800_GASP_log10_equad": -6.62141,
    "J1909-3744_Rcvr_800_GUPPI_efac": 1.0416,
    "J1909-3744_Rcvr_800_GUPPI_log10_ecorr": -7.21914,
    "J1909-3744_Rcvr_800_GUPPI_log10_equad": -7.3337,
    "J1909-3744_gamma": 2.38219,
    "J1909-3744_log10_A": -13.9429
}