{
    "J1910+1256_L-wide_ASP_efac": 1.05776,
    "J1910+1256_L-wide_ASP_log10_ecorr": -8.29109,
    "J1910+1256_L-wide_ASP_log10_equad": -9.96109,
    "J1910+1256_L-wide_PUPPI_efac": 1.14046,
    "J1910+1256_L-wide_PUPPI_log10_ecorr": -6.16517,
    "J1910+1256_L-wide_PUPPI_log10_equad": -9.40817,
    "J1910+1256_S-wide_ASP_efac": 0.981147,
    "J1910+1256_S-wide_ASP_log10_ecorr": -8.20537,
    "J1910+1256_S-wide_ASP_log10_equad": -6.13465,
    "J1910+1256_S-wide_PUPPI_efac": 1.15616,
    "J1910+1256_S-wide_PUPPI_log10_ecorr": -5.79941,
    "J1910+1256_S-wide_PUPPI_log10_equad": -6.04266,
    "J1910+1256_gamma": 1.18033,
    "J1910+1256_log10_A": -13.1651
}