{
    "J1923+2515_430_ASP_efac": 1.22894,
    "J1923+2515_430_ASP_log10_ecorr": -4.96741,
    "J1923+2515_430_ASP_log10_equad": -9.57245,
    "J1923+2515_430_PUPPI_efac": 1.06695,
    "J1923+2515_430_PUPPI_log10_ecorr": -8.40494,
    "J1923+2515_430_PUPPI_log10_equad": -7.84844,
    "J1923+2515_L-wide_ASP_efac": 0.885301,
    "J1923+2515_L-wide_ASP_log10_ecorr": -5.88701,
    "J1923+2515_L-wide_ASP_log10_equad": -9.21003,
    "J1923+2515_L-wide_PUPPI_efac": 1.21872,
    "J1923+2515_L-wide_PUPPI_log10_ecorr": -8.22085,
    "J1923+2515_L-wide_PUPPI_log10_equad": -8.06045,
    "J1923+2515_gamma": 0.672852,
    "J1923+2515_log10_A": -17.0467
}