{
    "J2043+1711_430_ASP_efac": 1.19268,
    "J2043+1711_430_ASP_log10_ecorr": -7.50762,
    "J2043+1711_430_ASP_log10_equad": -9.95992,
    "J2043+1711_430_PUPPI_efac": 1.06107,
    "J2043+1711_430_PUPPI_log10_ecorr": -6.24707,
    "J2043+1711_430_PUPPI_log10_equad": -6.73627,
    "J2043+1711_L-wide_ASP_efac": 1.15342,
    "J2043+1711_L-wide_ASP_log10_ecorr": -8.455,
    "J2043+1711_L-wide_ASP_log10_equad": -7.84527,
    "J2043+1711_L-wide_PUPPI_efac": 1.05058,
    "J2043+1711_L-wide_PUPPI_log10_ecorr": -7.8496,
    "J2043+1711_L-wide_PUPPI_log10_equad": -8.52397,
    "J2043+1711_gamma": 1.74649,
    "J2043+1711_log10_A": -19.9322
}