{
    "J2302+4442_Rcvr1_2_GUPPI_efac": 1.16876,
    "J2302+4442_Rcvr1_2_GUPPI_log10_ecorr": -6.17061,
    "J2302+4442_Rcvr1_2_GUPPI_log10_equad": -9.17133,
    "J2302+4442_Rcvr_800_GUPPI_efac": 1.03772,
    "J2302+4442_Rcvr_800_GUPPI_log10_ecorr": -6.11291,
    "J2302+4442_Rcvr_800_GUPPI_log10_equad": -7.42749,
    "J2302+4442_gamma": 1.08634,
    "J2302+4442_log10_A": -12.8036
}