{
    "J2317+1439_327_ASP_efac": 1.07979,
    "J2317+1439_327_ASP_log10_ecorr": -6.2448,
    "J2317+1439_327_ASP_log10_equad": -6.41923,
    "J2317+1439_327_PUPPI_efac": 1.21253,
    "J2317+1439_327_PUPPI_log10_ecorr": -8.27025,
    "J2317+1439_327_PUPPI_log10_equad": -6.43082,
    "J2317+1439_430_ASP_efac": 1.17938,
    "J2317+1439_430_ASP_log10_ecorr": -6.19059,
    "J2317+1439_430_ASP_log10_equad": -6.65206,
    "J2317+1439_430_PUPPI_efac": 1.0281,
    "J2317+1439_430_PUPPI_log10_ecorr": -6.26403,
    "J2317+1439_430_PUPPI_log10_equad": -6.51976,
    "J2317+1439_L-wide_PUPPI_efac": 1.21349,
    "J2317+1439_L-wide_PUPPI_log10_ecorr": -7.15369,
    "J2317+1439_L-wide_PUPPI_log10_equad": -7.24136,
    "J2317+1439_gamma": 0.0896576,
    "J2317+1439_log10_A": -19.874
}